customer_id,signup_date,segment,country,is_enterprise
C0001,04-01-2023,Enterprise,IN,TRUE
C0002,14-01-2023,SMB,CA,FALSE
C0003,04-01-2023,SMB,IN,FALSE
C0004,19-03-2023,SMB,CA,FALSE
C0005,25-03-2023,,IN,FALSE
C0006,05-02-2023,SMB,IN,FALSE
C0007,13-02-2023,Enterprise,IN,TRUE
C0008,13-02-2023,SMB,US,FALSE
C0009,15-02-2023,Enterprise,CA,TRUE
C0010,06-01-2023,,CA,FALSE
C0011,18-02-2023,SMB,CA,FALSE
C0012,22-03-2023,Enterprise,CA,TRUE
C0013,09-01-2023,SMB,AU,FALSE
C0014,07-02-2023,SMB,IN,FALSE
C0015,18-02-2023,Enterprise,DE,TRUE
C0016,16-02-2023,Mid-Market,UK,FALSE
C0017,27-03-2023,Enterprise,AU,TRUE
C0018,24-03-2023,SMB,CA,FALSE
C0019,10-03-2023,Mid-Market,IN,FALSE
C0020,04-02-2023,Mid-Market,AU,FALSE
C0021,08-01-2023,Mid-Market,US,FALSE
C0022,21-02-2023,Enterprise,US,TRUE
C0023,14-03-2023,Enterprise,IN,TRUE
C0024,20-02-2023,,IN,FALSE
C0025,01-02-2023,Enterprise,AU,TRUE
C0026,16-03-2023,,UK,FALSE
C0027,18-01-2023,,US,FALSE
C0028,15-01-2023,Mid-Market,AU,FALSE
C0029,29-03-2023,,CA,FALSE
C0030,18-02-2023,,CA,FALSE
C0031,12-03-2023,SMB,AU,FALSE
C0032,29-03-2023,Enterprise,AU,TRUE
C0033,07-02-2023,,IN,FALSE
C0034,03-02-2023,Mid-Market,CA,FALSE
C0035,22-03-2023,Enterprise,AU,TRUE
C0036,26-01-2023,Mid-Market,UK,FALSE
C0037,11-03-2023,SMB,CA,FALSE
C0038,03-01-2023,SMB,UK,FALSE
C0039,09-02-2023,Mid-Market,US,FALSE
C0040,14-03-2023,SMB,US,FALSE
C0041,09-01-2023,Mid-Market,IN,FALSE
C0042,12-03-2023,Mid-Market,UK,FALSE
C0043,19-03-2023,,IN,FALSE
C0044,30-03-2023,Mid-Market,AU,FALSE
C0045,27-03-2023,Enterprise,DE,TRUE
C0046,27-02-2023,SMB,IN,FALSE
C0047,13-02-2023,SMB,CA,FALSE
C0048,17-03-2023,Mid-Market,US,FALSE
C0049,22-03-2023,SMB,IN,FALSE
C0050,05-01-2023,Enterprise,US,TRUE
C0051,05-02-2023,,IN,FALSE
C0052,15-03-2023,,IN,FALSE
C0053,22-02-2023,Mid-Market,US,FALSE
C0054,25-02-2023,Enterprise,DE,TRUE
C0055,07-01-2023,SMB,US,FALSE
C0056,13-02-2023,SMB,IN,FALSE
C0057,10-03-2023,,IN,FALSE
C0058,05-02-2023,,IN,FALSE
C0059,10-01-2023,,CA,FALSE
C0060,25-03-2023,SMB,US,FALSE
C0061,31-01-2023,Mid-Market,DE,FALSE
C0062,28-01-2023,,US,FALSE
C0063,01-01-2023,,UK,FALSE
C0064,28-02-2023,Enterprise,DE,TRUE
C0065,13-03-2023,,IN,FALSE
C0066,28-01-2023,SMB,CA,FALSE
C0067,08-01-2023,Enterprise,US,TRUE
C0068,03-03-2023,Mid-Market,US,FALSE
C0069,11-01-2023,Mid-Market,US,FALSE
C0070,28-03-2023,Mid-Market,DE,FALSE
C0071,14-03-2023,Mid-Market,CA,FALSE
C0072,21-03-2023,SMB,DE,FALSE
C0073,14-03-2023,Enterprise,UK,TRUE
C0074,10-02-2023,Mid-Market,UK,FALSE
C0075,27-03-2023,Enterprise,DE,TRUE
C0076,10-01-2023,SMB,DE,FALSE
C0077,14-03-2023,SMB,US,FALSE
C0078,06-03-2023,Enterprise,IN,TRUE
C0079,09-01-2023,Mid-Market,UK,FALSE
C0080,26-02-2023,Enterprise,CA,TRUE
C0081,25-03-2023,SMB,AU,FALSE
C0082,08-02-2023,SMB,IN,FALSE
C0083,14-01-2023,Mid-Market,UK,FALSE
C0084,27-01-2023,Enterprise,IN,TRUE
C0085,03-02-2023,,UK,FALSE
C0086,07-01-2023,SMB,AU,FALSE
C0087,05-02-2023,SMB,US,FALSE
C0088,17-01-2023,Enterprise,IN,TRUE
C0089,12-03-2023,,CA,FALSE
C0090,,SMB,AU,FALSE
C0091,11-03-2023,SMB,UK,FALSE
C0092,19-01-2023,,IN,FALSE
C0093,,Enterprise,US,TRUE
C0094,27-01-2023,Mid-Market,AU,FALSE
C0095,13-03-2023,,CA,FALSE
C0096,31-01-2023,Mid-Market,IN,FALSE
C0097,04-01-2023,Mid-Market,AU,FALSE
C0098,22-02-2023,Mid-Market,UK,FALSE
C0099,31-03-2023,SMB,DE,FALSE
C0100,02-03-2023,Mid-Market,IN,FALSE
C0101,28-02-2023,Enterprise,UK,TRUE
C0102,30-01-2023,Mid-Market,US,FALSE
C0103,21-02-2023,Enterprise,UK,TRUE
C0104,05-02-2023,Enterprise,AU,TRUE
C0105,28-03-2023,Enterprise,US,TRUE
C0106,03-02-2023,Mid-Market,CA,FALSE
C0107,03-02-2023,SMB,US,FALSE
C0108,14-02-2023,Enterprise,DE,TRUE
C0109,07-03-2023,SMB,DE,FALSE
C0110,25-01-2023,Enterprise,US,TRUE
C0111,01-01-2023,Mid-Market,UK,FALSE
C0112,27-03-2023,Enterprise,CA,TRUE
C0113,16-01-2023,Enterprise,CA,TRUE
C0114,22-02-2023,Enterprise,DE,TRUE
C0115,12-03-2023,Mid-Market,IN,FALSE
C0116,18-02-2023,Mid-Market,CA,FALSE
C0117,21-02-2023,SMB,UK,FALSE
C0118,25-02-2023,Enterprise,DE,TRUE
C0119,28-03-2023,Mid-Market,CA,FALSE
C0120,22-01-2023,SMB,UK,FALSE
C0121,23-03-2023,Enterprise,US,TRUE
C0122,31-01-2023,Enterprise,IN,TRUE
C0123,19-01-2023,SMB,US,FALSE
C0124,02-03-2023,SMB,DE,FALSE
C0125,22-03-2023,Mid-Market,AU,FALSE
C0126,05-03-2023,,IN,FALSE
C0127,30-03-2023,SMB,US,FALSE
C0128,29-01-2023,Mid-Market,AU,FALSE
C0129,07-01-2023,Mid-Market,US,FALSE
C0130,01-03-2023,Enterprise,DE,TRUE
C0131,06-03-2023,,CA,FALSE
C0132,21-01-2023,,DE,FALSE
C0133,01-02-2023,Enterprise,CA,TRUE
C0134,31-01-2023,Enterprise,DE,TRUE
C0135,06-02-2023,Mid-Market,UK,FALSE
C0136,11-03-2023,SMB,IN,FALSE
C0137,19-02-2023,Mid-Market,AU,FALSE
C0138,23-02-2023,,UK,FALSE
C0139,23-02-2023,SMB,IN,FALSE
C0140,19-02-2023,SMB,CA,FALSE
C0141,01-01-2023,Enterprise,UK,TRUE
C0142,23-02-2023,Mid-Market,DE,FALSE
C0143,25-02-2023,,US,FALSE
C0144,27-03-2023,,AU,FALSE
C0145,01-03-2023,Mid-Market,CA,FALSE
C0146,20-02-2023,SMB,US,FALSE
C0147,18-01-2023,,IN,FALSE
C0148,18-02-2023,Enterprise,IN,TRUE
C0149,13-02-2023,,UK,FALSE
C0150,23-02-2023,Enterprise,US,TRUE
C0151,11-03-2023,SMB,UK,FALSE
C0152,09-01-2023,SMB,US,FALSE
C0153,26-01-2023,SMB,CA,FALSE
C0154,17-01-2023,,AU,FALSE
C0155,28-01-2023,,AU,FALSE
C0156,17-02-2023,Mid-Market,CA,FALSE
C0157,15-01-2023,Mid-Market,UK,FALSE
C0158,04-01-2023,Enterprise,CA,TRUE
C0159,18-02-2023,,AU,FALSE
C0160,17-03-2023,Mid-Market,US,FALSE
C0161,08-02-2023,SMB,CA,FALSE
C0162,14-02-2023,,AU,FALSE
C0163,06-03-2023,Enterprise,US,TRUE
C0164,04-03-2023,SMB,DE,FALSE
C0165,23-03-2023,,AU,FALSE
C0166,23-01-2023,Enterprise,CA,TRUE
C0167,10-03-2023,,DE,FALSE
C0168,17-03-2023,Enterprise,UK,TRUE
C0169,12-01-2023,Enterprise,DE,TRUE
C0170,01-03-2023,,UK,FALSE
C0171,,Enterprise,IN,TRUE
C0172,15-02-2023,Enterprise,UK,TRUE
C0173,18-03-2023,Enterprise,CA,TRUE
C0174,,Mid-Market,US,FALSE
C0175,22-02-2023,,CA,FALSE
C0176,30-03-2023,,AU,FALSE
C0177,27-02-2023,SMB,US,FALSE
C0178,21-02-2023,Mid-Market,UK,FALSE
C0179,17-02-2023,,CA,FALSE
C0180,24-02-2023,Enterprise,UK,TRUE
C0181,04-02-2023,Enterprise,UK,TRUE
C0182,25-01-2023,Enterprise,US,TRUE
C0183,30-03-2023,Mid-Market,IN,FALSE
C0184,03-03-2023,Enterprise,AU,TRUE
C0185,09-03-2023,Enterprise,US,TRUE
C0186,07-02-2023,Mid-Market,UK,FALSE
C0187,02-01-2023,Mid-Market,UK,FALSE
C0188,,SMB,CA,FALSE
C0189,17-01-2023,,US,FALSE
C0190,15-03-2023,Enterprise,DE,TRUE
C0191,13-02-2023,Mid-Market,US,FALSE
C0192,03-03-2023,SMB,US,FALSE
C0193,10-01-2023,SMB,IN,FALSE
C0194,14-03-2023,Enterprise,US,TRUE
C0195,16-01-2023,,CA,FALSE
C0196,21-03-2023,Mid-Market,CA,FALSE
C0197,26-02-2023,Enterprise,CA,TRUE
C0198,09-02-2023,SMB,CA,FALSE
C0199,13-01-2023,Mid-Market,AU,FALSE
C0200,26-03-2023,SMB,IN,FALSE
C0201,12-03-2023,SMB,IN,FALSE
C0202,,,AU,FALSE
C0203,07-02-2023,SMB,IN,FALSE
C0204,06-02-2023,,US,FALSE
C0205,03-02-2023,Mid-Market,DE,FALSE
C0206,29-01-2023,Mid-Market,UK,FALSE
C0207,10-01-2023,SMB,IN,FALSE
C0208,18-03-2023,Enterprise,DE,TRUE
C0209,30-03-2023,Enterprise,AU,TRUE
C0210,04-02-2023,,DE,FALSE
C0211,06-01-2023,,AU,FALSE
C0212,02-02-2023,SMB,US,FALSE
C0213,28-03-2023,SMB,AU,FALSE
C0214,15-03-2023,SMB,IN,FALSE
C0215,25-03-2023,,UK,FALSE
C0216,16-03-2023,,AU,FALSE
C0217,12-01-2023,,UK,FALSE
C0218,11-02-2023,SMB,IN,FALSE
C0219,30-03-2023,,UK,FALSE
C0220,21-02-2023,SMB,DE,FALSE
C0221,02-02-2023,Enterprise,US,TRUE
C0222,21-02-2023,SMB,AU,FALSE
C0223,01-03-2023,,US,FALSE
C0224,16-02-2023,,AU,FALSE
C0225,07-01-2023,Mid-Market,UK,FALSE
C0226,06-02-2023,,AU,FALSE
C0227,04-01-2023,Mid-Market,AU,FALSE
C0228,12-03-2023,SMB,CA,FALSE
C0229,29-01-2023,SMB,DE,FALSE
C0230,24-03-2023,Mid-Market,DE,FALSE
C0231,07-02-2023,Enterprise,DE,TRUE
C0232,02-03-2023,Mid-Market,DE,FALSE
C0233,19-02-2023,Mid-Market,CA,FALSE
C0234,18-01-2023,SMB,UK,FALSE
C0235,23-02-2023,Enterprise,CA,TRUE
C0236,01-01-2023,Enterprise,AU,TRUE
C0237,17-03-2023,,IN,FALSE
C0238,03-03-2023,Enterprise,UK,TRUE
C0239,11-03-2023,,DE,FALSE
C0240,25-01-2023,Mid-Market,CA,FALSE
C0241,22-02-2023,SMB,UK,FALSE
C0242,01-04-2023,,DE,FALSE
C0243,25-03-2023,Mid-Market,DE,FALSE
C0244,17-01-2023,Enterprise,US,TRUE
C0245,26-02-2023,SMB,CA,FALSE
C0246,02-01-2023,Mid-Market,DE,FALSE
C0247,20-01-2023,SMB,DE,FALSE
C0248,03-02-2023,Enterprise,CA,TRUE
C0249,25-03-2023,SMB,UK,FALSE
C0250,10-03-2023,,UK,FALSE
C0251,04-03-2023,SMB,CA,FALSE
C0252,22-03-2023,Enterprise,IN,TRUE
C0253,25-02-2023,SMB,AU,FALSE
C0254,13-01-2023,,IN,FALSE
C0255,04-01-2023,SMB,UK,FALSE
C0256,07-02-2023,Enterprise,UK,TRUE
C0257,01-02-2023,,CA,FALSE
C0258,24-01-2023,Mid-Market,IN,FALSE
C0259,18-02-2023,Mid-Market,DE,FALSE
C0260,19-01-2023,Mid-Market,DE,FALSE
C0261,28-02-2023,Enterprise,AU,TRUE
C0262,,,UK,FALSE
C0263,21-01-2023,SMB,DE,FALSE
C0264,17-03-2023,Enterprise,AU,TRUE
C0265,30-03-2023,Enterprise,DE,TRUE
C0266,26-01-2023,,DE,FALSE
C0267,18-02-2023,Enterprise,CA,TRUE
C0268,31-03-2023,Enterprise,US,TRUE
C0269,26-03-2023,,UK,FALSE
C0270,,SMB,CA,FALSE
C0271,06-02-2023,Mid-Market,CA,FALSE
C0272,29-01-2023,Mid-Market,CA,FALSE
C0273,26-03-2023,Mid-Market,AU,FALSE
C0274,22-03-2023,SMB,UK,FALSE
C0275,05-01-2023,Enterprise,AU,TRUE
C0276,07-02-2023,Enterprise,AU,TRUE
C0277,26-01-2023,Mid-Market,CA,FALSE
C0278,16-02-2023,Enterprise,IN,TRUE
C0279,03-03-2023,Enterprise,AU,TRUE
C0280,15-01-2023,,US,FALSE
C0281,29-01-2023,,CA,FALSE
C0282,20-02-2023,SMB,UK,FALSE
C0283,28-02-2023,Enterprise,AU,TRUE
C0284,03-02-2023,,AU,FALSE
C0285,14-01-2023,Mid-Market,DE,FALSE
C0286,,Enterprise,CA,TRUE
C0287,09-01-2023,,AU,FALSE
C0288,22-02-2023,SMB,IN,FALSE
C0289,,SMB,UK,FALSE
C0290,15-01-2023,SMB,IN,FALSE
C0291,18-01-2023,,DE,FALSE
C0292,31-03-2023,,CA,FALSE
C0293,20-01-2023,,AU,FALSE
C0294,04-03-2023,,UK,FALSE
C0295,,Enterprise,IN,TRUE
C0296,31-01-2023,Enterprise,US,TRUE
C0297,17-02-2023,Enterprise,US,TRUE
C0298,25-01-2023,SMB,DE,FALSE
C0299,28-01-2023,SMB,US,FALSE
C0300,01-02-2023,Mid-Market,CA,FALSE
C0301,12-03-2023,Mid-Market,CA,FALSE
C0302,30-01-2023,Enterprise,IN,TRUE
C0303,18-03-2023,SMB,UK,FALSE
C0304,19-01-2023,Mid-Market,CA,FALSE
C0305,23-01-2023,SMB,AU,FALSE
C0306,17-01-2023,SMB,UK,FALSE
C0307,31-01-2023,Enterprise,US,TRUE
C0308,07-01-2023,Mid-Market,AU,FALSE
C0309,15-01-2023,SMB,DE,FALSE
C0310,16-02-2023,SMB,DE,FALSE
C0311,20-03-2023,SMB,AU,FALSE
C0312,26-03-2023,Enterprise,DE,TRUE
C0313,04-01-2023,SMB,DE,FALSE
C0314,24-02-2023,SMB,DE,FALSE
C0315,26-02-2023,SMB,US,FALSE
C0316,19-01-2023,SMB,IN,FALSE
C0317,23-03-2023,Enterprise,DE,TRUE
C0318,09-03-2023,Enterprise,DE,TRUE
C0319,25-02-2023,SMB,AU,FALSE
C0320,25-03-2023,Mid-Market,DE,FALSE
C0321,30-01-2023,,UK,FALSE
C0322,21-02-2023,,AU,FALSE
C0323,24-02-2023,Enterprise,AU,TRUE
C0324,20-01-2023,,US,FALSE
C0325,11-01-2023,SMB,DE,FALSE
C0326,17-02-2023,Mid-Market,CA,FALSE
C0327,13-03-2023,Enterprise,AU,TRUE
C0328,15-02-2023,,AU,FALSE
C0329,06-02-2023,Enterprise,UK,TRUE
C0330,06-03-2023,Mid-Market,IN,FALSE
C0331,29-01-2023,SMB,UK,FALSE
C0332,17-02-2023,SMB,UK,FALSE
C0333,24-02-2023,SMB,CA,FALSE
C0334,30-03-2023,Enterprise,US,TRUE
C0335,31-03-2023,Enterprise,UK,TRUE
C0336,24-01-2023,Mid-Market,CA,FALSE
C0337,09-01-2023,Mid-Market,AU,FALSE
C0338,04-01-2023,SMB,AU,FALSE
C0339,18-02-2023,,DE,FALSE
C0340,17-02-2023,Enterprise,AU,TRUE
C0341,14-03-2023,SMB,US,FALSE
C0342,21-03-2023,SMB,AU,FALSE
C0343,26-02-2023,,DE,FALSE
C0344,23-02-2023,Enterprise,IN,TRUE
C0345,15-01-2023,Enterprise,DE,TRUE
C0346,28-03-2023,,CA,FALSE
C0347,06-01-2023,Mid-Market,DE,FALSE
C0348,08-01-2023,SMB,IN,FALSE
C0349,28-01-2023,Mid-Market,UK,FALSE
C0350,16-01-2023,SMB,DE,FALSE
C0351,23-01-2023,Mid-Market,DE,FALSE
C0352,30-01-2023,Enterprise,US,TRUE
C0353,06-01-2023,,US,FALSE
C0354,10-01-2023,Enterprise,CA,TRUE
C0355,21-02-2023,,UK,FALSE
C0356,03-01-2023,Enterprise,IN,TRUE
C0357,21-03-2023,,AU,FALSE
C0358,12-01-2023,,US,FALSE
C0359,17-03-2023,,CA,FALSE
C0360,09-02-2023,Enterprise,IN,TRUE
C0361,22-01-2023,SMB,CA,FALSE
C0362,09-03-2023,Mid-Market,UK,FALSE
C0363,24-03-2023,Mid-Market,IN,FALSE
C0364,02-02-2023,Mid-Market,IN,FALSE
C0365,25-03-2023,SMB,IN,FALSE
C0366,22-03-2023,,DE,FALSE
C0367,16-03-2023,,AU,FALSE
C0368,14-03-2023,Enterprise,AU,TRUE
C0369,26-02-2023,SMB,DE,FALSE
C0370,08-02-2023,Enterprise,CA,TRUE
C0371,06-03-2023,SMB,UK,FALSE
C0372,05-01-2023,SMB,UK,FALSE
C0373,10-01-2023,SMB,CA,FALSE
C0374,19-02-2023,,CA,FALSE
C0375,06-01-2023,,CA,FALSE
C0376,11-02-2023,,CA,FALSE
C0377,08-01-2023,,US,FALSE
C0378,13-02-2023,SMB,CA,FALSE
C0379,06-01-2023,Mid-Market,AU,FALSE
C0380,26-02-2023,Mid-Market,UK,FALSE
C0381,06-02-2023,,DE,FALSE
C0382,28-03-2023,SMB,AU,FALSE
C0383,09-01-2023,Enterprise,US,TRUE
C0384,19-02-2023,Enterprise,UK,TRUE
C0385,26-03-2023,Mid-Market,UK,FALSE
C0386,26-03-2023,Mid-Market,UK,FALSE
C0387,25-03-2023,,IN,FALSE
C0388,11-01-2023,Enterprise,CA,TRUE
C0389,12-02-2023,Mid-Market,AU,FALSE
C0390,29-03-2023,SMB,AU,FALSE
C0391,07-03-2023,Enterprise,US,TRUE
C0392,24-01-2023,Mid-Market,UK,FALSE
C0393,04-03-2023,Mid-Market,IN,FALSE
C0394,20-01-2023,SMB,UK,FALSE
C0395,13-01-2023,SMB,AU,FALSE
C0396,21-03-2023,Mid-Market,CA,FALSE
C0397,21-01-2023,Mid-Market,AU,FALSE
C0398,22-01-2023,,US,FALSE
C0399,28-03-2023,Mid-Market,DE,FALSE
C0400,27-02-2023,Mid-Market,CA,FALSE
C0401,02-03-2023,Mid-Market,UK,FALSE
C0402,15-03-2023,,DE,FALSE
C0403,18-02-2023,,IN,FALSE
C0404,19-03-2023,Mid-Market,UK,FALSE
C0405,03-03-2023,Enterprise,CA,TRUE
C0406,08-03-2023,SMB,UK,FALSE
C0407,21-01-2023,Enterprise,DE,TRUE
C0408,19-01-2023,,US,FALSE
C0409,29-01-2023,,UK,FALSE
C0410,23-02-2023,SMB,DE,FALSE
C0411,31-01-2023,,US,FALSE
C0412,04-01-2023,Enterprise,US,TRUE
C0413,25-03-2023,Enterprise,IN,TRUE
C0414,06-02-2023,,AU,FALSE
C0415,01-04-2023,,DE,FALSE
C0416,11-01-2023,SMB,UK,FALSE
C0417,20-01-2023,,US,FALSE
C0418,31-01-2023,Enterprise,US,TRUE
C0419,,,AU,FALSE
C0420,28-02-2023,SMB,US,FALSE
C0421,05-03-2023,SMB,AU,FALSE
C0422,31-01-2023,Mid-Market,UK,FALSE
C0423,20-03-2023,Enterprise,IN,TRUE
C0424,24-01-2023,SMB,CA,FALSE
C0425,09-01-2023,SMB,DE,FALSE
C0426,06-01-2023,,UK,FALSE
C0427,03-01-2023,Enterprise,US,TRUE
C0428,26-03-2023,SMB,CA,FALSE
C0429,12-02-2023,Mid-Market,US,FALSE
C0430,13-02-2023,Mid-Market,AU,FALSE
C0431,31-03-2023,,AU,FALSE
C0432,18-01-2023,SMB,AU,FALSE
C0433,28-02-2023,SMB,UK,FALSE
C0434,26-01-2023,SMB,UK,FALSE
C0435,07-03-2023,,CA,FALSE
C0436,05-01-2023,Mid-Market,UK,FALSE
C0437,07-01-2023,Enterprise,UK,TRUE
C0438,17-02-2023,,DE,FALSE
C0439,19-02-2023,Enterprise,IN,TRUE
C0440,05-03-2023,Enterprise,CA,TRUE
C0441,11-01-2023,,US,FALSE
C0442,24-01-2023,Enterprise,UK,TRUE
C0443,11-02-2023,Enterprise,UK,TRUE
C0444,24-02-2023,Mid-Market,AU,FALSE
C0445,27-02-2023,SMB,AU,FALSE
C0446,15-02-2023,,UK,FALSE
C0447,08-01-2023,SMB,AU,FALSE
C0448,16-02-2023,Mid-Market,US,FALSE
C0449,19-03-2023,,US,FALSE
C0450,31-01-2023,Enterprise,UK,TRUE
C0451,14-03-2023,SMB,CA,FALSE
C0452,27-02-2023,Enterprise,UK,TRUE
C0453,10-01-2023,Mid-Market,CA,FALSE
C0454,10-02-2023,Enterprise,IN,TRUE
C0455,04-01-2023,Mid-Market,DE,FALSE
C0456,13-03-2023,SMB,UK,FALSE
C0457,01-04-2023,,IN,FALSE
C0458,06-02-2023,,IN,FALSE
C0459,10-01-2023,,IN,FALSE
C0460,26-02-2023,SMB,AU,FALSE
C0461,10-02-2023,Enterprise,AU,TRUE
C0462,11-03-2023,Enterprise,UK,TRUE
C0463,01-04-2023,Mid-Market,UK,FALSE
C0464,16-01-2023,Mid-Market,IN,FALSE
C0465,05-03-2023,SMB,UK,FALSE
C0466,17-02-2023,,CA,FALSE
C0467,12-01-2023,SMB,UK,FALSE
C0468,03-03-2023,,DE,FALSE
C0469,10-01-2023,Mid-Market,UK,FALSE
C0470,27-02-2023,,AU,FALSE
C0471,17-01-2023,Mid-Market,IN,FALSE
C0472,08-01-2023,SMB,CA,FALSE
C0473,22-01-2023,Mid-Market,UK,FALSE
C0474,29-01-2023,Enterprise,CA,TRUE
C0475,11-01-2023,Enterprise,IN,TRUE
C0476,12-03-2023,Enterprise,IN,TRUE
C0477,20-03-2023,SMB,CA,FALSE
C0478,17-03-2023,Mid-Market,IN,FALSE
C0479,19-03-2023,Enterprise,CA,TRUE
C0480,,SMB,US,FALSE
C0481,,Enterprise,AU,TRUE
C0482,15-03-2023,,CA,FALSE
C0483,05-03-2023,Enterprise,AU,TRUE
C0484,03-03-2023,Mid-Market,AU,FALSE
C0485,28-02-2023,SMB,AU,FALSE
C0486,26-02-2023,,DE,FALSE
C0487,13-02-2023,Mid-Market,UK,FALSE
C0488,10-02-2023,Enterprise,DE,TRUE
C0489,17-02-2023,SMB,UK,FALSE
C0490,16-01-2023,Enterprise,DE,TRUE
C0491,13-01-2023,SMB,UK,FALSE
C0492,20-03-2023,,IN,FALSE
C0493,21-01-2023,Enterprise,CA,TRUE
C0494,25-01-2023,Mid-Market,DE,FALSE
C0495,01-03-2023,,UK,FALSE
C0496,12-01-2023,,CA,FALSE
C0497,31-01-2023,Mid-Market,CA,FALSE
C0498,07-01-2023,Enterprise,DE,TRUE
C0499,25-03-2023,,UK,FALSE
C0500,14-01-2023,,IN,FALSE
C0501,16-02-2023,,UK,FALSE
C0502,,SMB,CA,FALSE
C0503,16-02-2023,Enterprise,US,TRUE
C0504,27-02-2023,Enterprise,CA,TRUE
C0505,16-01-2023,Mid-Market,US,FALSE
C0506,13-02-2023,Enterprise,IN,TRUE
C0507,07-03-2023,,CA,FALSE
C0508,,SMB,IN,FALSE
C0509,02-03-2023,,IN,FALSE
C0510,07-03-2023,Mid-Market,UK,FALSE
C0511,10-02-2023,Mid-Market,DE,FALSE
C0512,08-02-2023,Enterprise,CA,TRUE
C0513,10-03-2023,,AU,FALSE
C0514,02-03-2023,SMB,UK,FALSE
C0515,15-01-2023,,CA,FALSE
C0516,30-03-2023,SMB,CA,FALSE
C0517,25-03-2023,Mid-Market,AU,FALSE
C0518,03-03-2023,Mid-Market,CA,FALSE
C0519,21-03-2023,,IN,FALSE
C0520,01-02-2023,SMB,CA,FALSE
C0521,15-01-2023,Mid-Market,US,FALSE
C0522,23-02-2023,Mid-Market,DE,FALSE
C0523,22-02-2023,,AU,FALSE
C0524,01-04-2023,Mid-Market,CA,FALSE
C0525,11-02-2023,,CA,FALSE
C0526,23-01-2023,,CA,FALSE
C0527,15-02-2023,Enterprise,CA,TRUE
C0528,01-02-2023,Enterprise,CA,TRUE
C0529,08-02-2023,Enterprise,AU,TRUE
C0530,01-04-2023,,UK,FALSE
C0531,13-03-2023,Enterprise,UK,TRUE
C0532,28-03-2023,,DE,FALSE
C0533,19-01-2023,Enterprise,US,TRUE
C0534,11-01-2023,Enterprise,DE,TRUE
C0535,03-03-2023,Mid-Market,IN,FALSE
C0536,04-02-2023,Enterprise,IN,TRUE
C0537,17-03-2023,Mid-Market,IN,FALSE
C0538,09-03-2023,Mid-Market,AU,FALSE
C0539,13-01-2023,,UK,FALSE
C0540,13-01-2023,Mid-Market,US,FALSE
C0541,21-01-2023,,AU,FALSE
C0542,02-03-2023,,AU,FALSE
C0543,06-02-2023,Enterprise,UK,TRUE
C0544,12-01-2023,Mid-Market,CA,FALSE
C0545,05-01-2023,Mid-Market,DE,FALSE
C0546,23-01-2023,SMB,DE,FALSE
C0547,24-01-2023,Enterprise,US,TRUE
C0548,,SMB,UK,FALSE
C0549,24-03-2023,,IN,FALSE
C0550,01-03-2023,Enterprise,IN,TRUE
C0551,12-02-2023,Mid-Market,AU,FALSE
C0552,02-02-2023,Mid-Market,US,FALSE
C0553,07-02-2023,Mid-Market,IN,FALSE
C0554,23-03-2023,,DE,FALSE
C0555,12-01-2023,,AU,FALSE
C0556,18-01-2023,,UK,FALSE
C0557,01-01-2023,Enterprise,DE,TRUE
C0558,04-02-2023,Enterprise,UK,TRUE
C0559,15-03-2023,SMB,UK,FALSE
C0560,30-03-2023,Mid-Market,US,FALSE
C0561,01-03-2023,Enterprise,IN,TRUE
C0562,06-03-2023,Enterprise,AU,TRUE
C0563,07-02-2023,Enterprise,CA,TRUE
C0564,18-01-2023,,IN,FALSE
C0565,19-03-2023,Enterprise,DE,TRUE
C0566,02-03-2023,Mid-Market,IN,FALSE
C0567,18-03-2023,SMB,CA,FALSE
C0568,01-04-2023,Enterprise,US,TRUE
C0569,15-01-2023,SMB,CA,FALSE
C0570,26-01-2023,Mid-Market,IN,FALSE
C0571,08-03-2023,,US,FALSE
C0572,16-03-2023,,US,FALSE
C0573,27-02-2023,SMB,DE,FALSE
C0574,23-02-2023,,CA,FALSE
C0575,01-03-2023,Enterprise,AU,TRUE
C0576,,Enterprise,US,TRUE
C0577,16-03-2023,SMB,US,FALSE
C0578,31-03-2023,SMB,CA,FALSE
C0579,09-01-2023,,US,FALSE
C0580,24-01-2023,Mid-Market,AU,FALSE
C0581,24-03-2023,,UK,FALSE
C0582,18-02-2023,,DE,FALSE
C0583,29-03-2023,Mid-Market,AU,FALSE
C0584,16-01-2023,Mid-Market,CA,FALSE
C0585,17-01-2023,Mid-Market,US,FALSE
C0586,08-02-2023,,AU,FALSE
C0587,24-02-2023,,IN,FALSE
C0588,14-02-2023,Mid-Market,UK,FALSE
C0589,15-01-2023,SMB,AU,FALSE
C0590,03-01-2023,Mid-Market,IN,FALSE
C0591,18-03-2023,SMB,DE,FALSE
C0592,01-04-2023,SMB,IN,FALSE
C0593,21-02-2023,,IN,FALSE
C0594,08-01-2023,Mid-Market,CA,FALSE
C0595,30-01-2023,Enterprise,CA,TRUE
C0596,28-03-2023,Enterprise,IN,TRUE
C0597,19-01-2023,Mid-Market,DE,FALSE
C0598,08-01-2023,Mid-Market,AU,FALSE
C0599,13-03-2023,,US,FALSE
C0600,24-03-2023,,CA,FALSE
C0601,23-02-2023,,IN,FALSE
C0602,24-01-2023,,IN,FALSE
C0603,08-02-2023,Mid-Market,DE,FALSE
C0604,13-03-2023,,DE,FALSE
C0605,18-01-2023,,IN,FALSE
C0606,12-02-2023,SMB,DE,FALSE
C0607,12-01-2023,Mid-Market,US,FALSE
C0608,28-03-2023,SMB,US,FALSE
C0609,17-03-2023,Mid-Market,DE,FALSE
C0610,12-02-2023,Enterprise,US,TRUE
C0611,25-01-2023,SMB,AU,FALSE
C0612,03-03-2023,Mid-Market,AU,FALSE
C0613,27-01-2023,,IN,FALSE
C0614,06-02-2023,,DE,FALSE
C0615,15-02-2023,Enterprise,UK,TRUE
C0616,05-03-2023,,US,FALSE
C0617,02-03-2023,Enterprise,IN,TRUE
C0618,22-02-2023,SMB,CA,FALSE
C0619,19-01-2023,SMB,UK,FALSE
C0620,16-03-2023,,UK,FALSE
C0621,12-02-2023,Mid-Market,DE,FALSE
C0622,01-02-2023,,CA,FALSE
C0623,29-03-2023,Enterprise,UK,TRUE
C0624,04-03-2023,,DE,FALSE
C0625,15-02-2023,Mid-Market,IN,FALSE
C0626,04-03-2023,Mid-Market,CA,FALSE
C0627,08-01-2023,SMB,US,FALSE
C0628,27-03-2023,SMB,US,FALSE
C0629,22-03-2023,Mid-Market,US,FALSE
C0630,02-01-2023,Mid-Market,CA,FALSE
C0631,08-01-2023,,AU,FALSE
C0632,01-01-2023,,US,FALSE
C0633,,Enterprise,CA,TRUE
C0634,03-01-2023,,IN,FALSE
C0635,13-01-2023,Mid-Market,IN,FALSE
C0636,09-03-2023,Enterprise,UK,TRUE
C0637,20-02-2023,SMB,UK,FALSE
C0638,28-02-2023,Mid-Market,AU,FALSE
C0639,29-03-2023,SMB,AU,FALSE
C0640,25-03-2023,SMB,US,FALSE
C0641,18-02-2023,,US,FALSE
C0642,31-03-2023,Mid-Market,US,FALSE
C0643,25-02-2023,Enterprise,CA,TRUE
C0644,13-01-2023,SMB,IN,FALSE
C0645,30-03-2023,,UK,FALSE
C0646,,SMB,AU,FALSE
C0647,11-03-2023,SMB,IN,FALSE
C0648,10-02-2023,SMB,IN,FALSE
C0649,20-02-2023,SMB,UK,FALSE
C0650,31-01-2023,,AU,FALSE
C0651,12-02-2023,,AU,FALSE
C0652,30-03-2023,SMB,CA,FALSE
C0653,14-02-2023,SMB,US,FALSE
C0654,10-01-2023,Enterprise,CA,TRUE
C0655,18-03-2023,,UK,FALSE
C0656,,Enterprise,DE,TRUE
C0657,15-02-2023,,DE,FALSE
C0658,16-03-2023,,US,FALSE
C0659,07-02-2023,Mid-Market,AU,FALSE
C0660,04-02-2023,Mid-Market,DE,FALSE
C0661,23-03-2023,Mid-Market,AU,FALSE
C0662,16-02-2023,SMB,US,FALSE
C0663,,Enterprise,DE,TRUE
C0664,04-02-2023,SMB,IN,FALSE
C0665,25-02-2023,,CA,FALSE
C0666,22-02-2023,SMB,US,FALSE
C0667,12-03-2023,SMB,CA,FALSE
C0668,11-02-2023,,US,FALSE
C0669,19-02-2023,SMB,AU,FALSE
C0670,01-02-2023,Mid-Market,AU,FALSE
C0671,18-01-2023,Enterprise,UK,TRUE
C0672,19-01-2023,SMB,IN,FALSE
C0673,23-02-2023,Enterprise,DE,TRUE
C0674,16-02-2023,Enterprise,IN,TRUE
C0675,05-03-2023,Mid-Market,DE,FALSE
C0676,08-02-2023,SMB,DE,FALSE
C0677,21-03-2023,,UK,FALSE
C0678,25-02-2023,Mid-Market,UK,FALSE
C0679,30-03-2023,Mid-Market,DE,FALSE
C0680,20-02-2023,Enterprise,UK,TRUE
C0681,23-03-2023,,CA,FALSE
C0682,11-02-2023,,UK,FALSE
C0683,20-02-2023,Enterprise,US,TRUE
C0684,26-01-2023,Mid-Market,AU,FALSE
C0685,04-01-2023,,AU,FALSE
C0686,07-02-2023,SMB,DE,FALSE
C0687,18-01-2023,Enterprise,IN,TRUE
C0688,20-01-2023,,DE,FALSE
C0689,18-03-2023,,CA,FALSE
C0690,06-03-2023,,CA,FALSE
C0691,,Enterprise,AU,TRUE
C0692,10-03-2023,SMB,US,FALSE
C0693,26-03-2023,Enterprise,IN,TRUE
C0694,06-01-2023,,UK,FALSE
C0695,25-02-2023,SMB,US,FALSE
C0696,29-01-2023,Mid-Market,DE,FALSE
C0697,01-03-2023,Mid-Market,UK,FALSE
C0698,03-03-2023,SMB,UK,FALSE
C0699,11-01-2023,SMB,AU,FALSE
C0700,09-02-2023,Enterprise,DE,TRUE
C0701,08-03-2023,,UK,FALSE
C0702,26-02-2023,,UK,FALSE
C0703,06-01-2023,SMB,US,FALSE
C0704,24-03-2023,SMB,AU,FALSE
C0705,01-02-2023,Mid-Market,CA,FALSE
C0706,13-03-2023,,DE,FALSE
C0707,21-02-2023,Mid-Market,IN,FALSE
C0708,25-02-2023,,US,FALSE
C0709,26-01-2023,,CA,FALSE
C0710,01-01-2023,Mid-Market,IN,FALSE
C0711,01-04-2023,SMB,CA,FALSE
C0712,10-03-2023,Mid-Market,UK,FALSE
C0713,28-02-2023,SMB,UK,FALSE
C0714,04-03-2023,Enterprise,CA,TRUE
C0715,20-02-2023,SMB,UK,FALSE
C0716,28-02-2023,Mid-Market,AU,FALSE
C0717,08-02-2023,SMB,AU,FALSE
C0718,16-01-2023,Mid-Market,UK,FALSE
C0719,17-02-2023,Mid-Market,CA,FALSE
C0720,18-03-2023,Mid-Market,CA,FALSE
C0721,24-01-2023,,AU,FALSE
C0722,24-03-2023,Mid-Market,CA,FALSE
C0723,06-02-2023,Mid-Market,IN,FALSE
C0724,27-02-2023,SMB,UK,FALSE
C0725,04-03-2023,Mid-Market,IN,FALSE
C0726,13-03-2023,,DE,FALSE
C0727,23-02-2023,,DE,FALSE
C0728,14-03-2023,SMB,IN,FALSE
C0729,05-02-2023,Mid-Market,CA,FALSE
C0730,28-02-2023,,CA,FALSE
C0731,15-03-2023,SMB,UK,FALSE
C0732,16-02-2023,SMB,AU,FALSE
C0733,28-01-2023,,US,FALSE
C0734,25-03-2023,Mid-Market,UK,FALSE
C0735,05-01-2023,,UK,FALSE
C0736,12-01-2023,,US,FALSE
C0737,31-01-2023,Mid-Market,AU,FALSE
C0738,14-02-2023,,IN,FALSE
C0739,27-01-2023,Mid-Market,US,FALSE
C0740,10-03-2023,Enterprise,CA,TRUE
C0741,11-02-2023,Enterprise,UK,TRUE
C0742,07-03-2023,SMB,IN,FALSE
C0743,22-02-2023,SMB,UK,FALSE
C0744,17-01-2023,Mid-Market,IN,FALSE
C0745,11-02-2023,Mid-Market,AU,FALSE
C0746,19-01-2023,Enterprise,AU,TRUE
C0747,27-02-2023,SMB,AU,FALSE
C0748,12-01-2023,,CA,FALSE
C0749,30-03-2023,Enterprise,DE,TRUE
C0750,11-02-2023,SMB,AU,FALSE
C0751,28-02-2023,Enterprise,US,TRUE
C0752,20-02-2023,Mid-Market,DE,FALSE
C0753,05-03-2023,Enterprise,UK,TRUE
C0754,13-02-2023,Mid-Market,CA,FALSE
C0755,13-02-2023,SMB,US,FALSE
C0756,28-02-2023,SMB,US,FALSE
C0757,21-01-2023,,DE,FALSE
C0758,,,IN,FALSE
C0759,17-01-2023,Enterprise,IN,TRUE
C0760,05-02-2023,SMB,AU,FALSE
C0761,11-01-2023,Enterprise,AU,TRUE
C0762,22-01-2023,SMB,DE,FALSE
C0763,31-03-2023,Mid-Market,DE,FALSE
C0764,01-04-2023,SMB,US,FALSE
C0765,10-01-2023,Mid-Market,CA,FALSE
C0766,29-03-2023,,US,FALSE
C0767,,Enterprise,US,TRUE
C0768,24-02-2023,Mid-Market,DE,FALSE
C0769,19-02-2023,SMB,AU,FALSE
C0770,14-01-2023,Enterprise,UK,TRUE
C0771,18-01-2023,,IN,FALSE
C0772,28-03-2023,Mid-Market,US,FALSE
C0773,02-01-2023,Mid-Market,DE,FALSE
C0774,28-01-2023,Mid-Market,DE,FALSE
C0775,26-02-2023,Mid-Market,US,FALSE
C0776,18-01-2023,SMB,CA,FALSE
C0777,14-02-2023,,UK,FALSE
C0778,01-02-2023,Enterprise,AU,TRUE
C0779,12-03-2023,Enterprise,AU,TRUE
C0780,,Enterprise,IN,TRUE
C0781,07-03-2023,Mid-Market,AU,FALSE
C0782,24-03-2023,SMB,IN,FALSE
C0783,15-01-2023,Mid-Market,DE,FALSE
C0784,10-01-2023,SMB,UK,FALSE
C0785,17-01-2023,,CA,FALSE
C0786,11-03-2023,Mid-Market,DE,FALSE
C0787,10-01-2023,SMB,CA,FALSE
C0788,03-02-2023,Mid-Market,US,FALSE
C0789,20-02-2023,Enterprise,AU,TRUE
C0790,23-02-2023,,AU,FALSE
C0791,23-03-2023,Mid-Market,UK,FALSE
C0792,11-01-2023,Mid-Market,IN,FALSE
C0793,20-02-2023,SMB,UK,FALSE
C0794,31-01-2023,SMB,IN,FALSE
C0795,25-02-2023,SMB,DE,FALSE
C0796,08-01-2023,Enterprise,AU,TRUE
C0797,23-01-2023,SMB,US,FALSE
C0798,31-03-2023,SMB,IN,FALSE
C0799,14-02-2023,Enterprise,IN,TRUE
C0800,04-02-2023,SMB,US,FALSE
C0801,24-02-2023,Enterprise,CA,TRUE
C0802,15-03-2023,SMB,DE,FALSE
C0803,16-02-2023,SMB,DE,FALSE
C0804,22-01-2023,Enterprise,IN,TRUE
C0805,14-01-2023,SMB,IN,FALSE
C0806,01-01-2023,SMB,US,FALSE
C0807,02-03-2023,Enterprise,DE,TRUE
C0808,23-01-2023,SMB,CA,FALSE
C0809,25-03-2023,,IN,FALSE
C0810,23-02-2023,Enterprise,UK,TRUE
C0811,15-03-2023,Enterprise,US,TRUE
C0812,07-01-2023,Mid-Market,IN,FALSE
C0813,06-01-2023,,US,FALSE
C0814,06-02-2023,Enterprise,UK,TRUE
C0815,28-02-2023,SMB,UK,FALSE
C0816,14-03-2023,Enterprise,AU,TRUE
C0817,01-03-2023,Enterprise,CA,TRUE
C0818,26-01-2023,Mid-Market,IN,FALSE
C0819,,,US,FALSE
C0820,14-02-2023,SMB,UK,FALSE
C0821,,,AU,FALSE
C0822,14-01-2023,Mid-Market,CA,FALSE
C0823,23-02-2023,,US,FALSE
C0824,19-01-2023,Enterprise,US,TRUE
C0825,,Mid-Market,CA,FALSE
C0826,17-02-2023,,AU,FALSE
C0827,13-01-2023,Mid-Market,AU,FALSE
C0828,10-01-2023,SMB,DE,FALSE
C0829,17-01-2023,Mid-Market,UK,FALSE
C0830,10-02-2023,,AU,FALSE
C0831,11-02-2023,Enterprise,DE,TRUE
C0832,10-01-2023,Mid-Market,IN,FALSE
C0833,16-03-2023,SMB,IN,FALSE
C0834,27-02-2023,,UK,FALSE
C0835,10-03-2023,Enterprise,IN,TRUE
C0836,01-03-2023,Enterprise,US,TRUE
C0837,29-03-2023,Enterprise,AU,TRUE
C0838,06-01-2023,Mid-Market,UK,FALSE
C0839,01-02-2023,Enterprise,DE,TRUE
C0840,28-03-2023,Enterprise,UK,TRUE
C0841,23-01-2023,SMB,DE,FALSE
C0842,13-03-2023,Mid-Market,US,FALSE
C0843,18-01-2023,SMB,US,FALSE
C0844,29-01-2023,Mid-Market,IN,FALSE
C0845,17-02-2023,SMB,CA,FALSE
C0846,10-01-2023,SMB,US,FALSE
C0847,24-03-2023,,IN,FALSE
C0848,12-02-2023,SMB,US,FALSE
C0849,07-01-2023,Mid-Market,CA,FALSE
C0850,20-02-2023,,US,FALSE
C0851,24-02-2023,Mid-Market,UK,FALSE
C0852,24-01-2023,Enterprise,UK,TRUE
C0853,20-01-2023,SMB,CA,FALSE
C0854,01-02-2023,Enterprise,DE,TRUE
C0855,12-03-2023,,US,FALSE
C0856,19-02-2023,Mid-Market,DE,FALSE
C0857,09-03-2023,Mid-Market,AU,FALSE
C0858,11-03-2023,SMB,DE,FALSE
C0859,15-02-2023,,CA,FALSE
C0860,14-02-2023,Enterprise,DE,TRUE
C0861,04-01-2023,Enterprise,CA,TRUE
C0862,05-02-2023,SMB,DE,FALSE
C0863,16-03-2023,Mid-Market,IN,FALSE
C0864,26-03-2023,Mid-Market,UK,FALSE
C0865,08-01-2023,Mid-Market,CA,FALSE
C0866,19-02-2023,Enterprise,IN,TRUE
C0867,17-03-2023,Enterprise,AU,TRUE
C0868,17-03-2023,SMB,AU,FALSE
C0869,14-03-2023,Mid-Market,CA,FALSE
C0870,05-03-2023,Enterprise,IN,TRUE
C0871,12-01-2023,SMB,IN,FALSE
C0872,03-01-2023,,US,FALSE
C0873,20-03-2023,Mid-Market,IN,FALSE
C0874,23-01-2023,Enterprise,US,TRUE
C0875,,Mid-Market,US,FALSE
C0876,16-02-2023,SMB,UK,FALSE
C0877,26-03-2023,,CA,FALSE
C0878,08-02-2023,Enterprise,IN,TRUE
C0879,25-02-2023,,AU,FALSE
C0880,01-04-2023,Enterprise,IN,TRUE
C0881,23-01-2023,,UK,FALSE
C0882,07-02-2023,Mid-Market,IN,FALSE
C0883,31-03-2023,,CA,FALSE
C0884,,Enterprise,CA,TRUE
C0885,14-03-2023,SMB,DE,FALSE
C0886,10-01-2023,Mid-Market,UK,FALSE
C0887,22-01-2023,SMB,AU,FALSE
C0888,12-02-2023,,US,FALSE
C0889,01-02-2023,SMB,UK,FALSE
C0890,14-01-2023,SMB,US,FALSE
C0891,23-02-2023,Mid-Market,DE,FALSE
C0892,18-02-2023,Enterprise,CA,TRUE
C0893,03-03-2023,Mid-Market,IN,FALSE
C0894,05-01-2023,Enterprise,US,TRUE
C0895,14-01-2023,SMB,UK,FALSE
C0896,18-02-2023,Mid-Market,AU,FALSE
C0897,12-01-2023,Enterprise,CA,TRUE
C0898,03-03-2023,SMB,DE,FALSE
C0899,22-01-2023,,IN,FALSE
C0900,12-02-2023,Mid-Market,IN,FALSE
C0901,12-03-2023,Enterprise,AU,TRUE
C0902,31-01-2023,SMB,US,FALSE
C0903,12-03-2023,,IN,FALSE
C0904,01-01-2023,,US,FALSE
C0905,26-03-2023,,IN,FALSE
C0906,27-01-2023,Mid-Market,AU,FALSE
C0907,11-01-2023,,US,FALSE
C0908,20-02-2023,,DE,FALSE
C0909,03-02-2023,SMB,AU,FALSE
C0910,24-01-2023,Enterprise,DE,TRUE
C0911,27-02-2023,SMB,UK,FALSE
C0912,03-02-2023,Mid-Market,UK,FALSE
C0913,20-01-2023,SMB,US,FALSE
C0914,11-03-2023,,CA,FALSE
C0915,08-01-2023,,CA,FALSE
C0916,10-03-2023,,CA,FALSE
C0917,02-03-2023,Enterprise,US,TRUE
C0918,05-01-2023,Mid-Market,US,FALSE
C0919,27-02-2023,Mid-Market,IN,FALSE
C0920,25-01-2023,Mid-Market,US,FALSE
C0921,29-03-2023,,IN,FALSE
C0922,22-03-2023,Mid-Market,CA,FALSE
C0923,09-01-2023,SMB,DE,FALSE
C0924,12-03-2023,Enterprise,UK,TRUE
C0925,02-01-2023,,US,FALSE
C0926,19-01-2023,SMB,US,FALSE
C0927,13-01-2023,Enterprise,CA,TRUE
C0928,22-02-2023,Enterprise,DE,TRUE
C0929,15-03-2023,,US,FALSE
C0930,21-02-2023,Mid-Market,CA,FALSE
C0931,30-03-2023,,US,FALSE
C0932,12-02-2023,Mid-Market,US,FALSE
C0933,04-02-2023,Enterprise,US,TRUE
C0934,08-02-2023,Enterprise,UK,TRUE
C0935,31-03-2023,SMB,IN,FALSE
C0936,26-02-2023,Enterprise,UK,TRUE
C0937,19-03-2023,SMB,IN,FALSE
C0938,22-02-2023,,CA,FALSE
C0939,08-01-2023,Mid-Market,US,FALSE
C0940,06-03-2023,,IN,FALSE
C0941,09-03-2023,SMB,IN,FALSE
C0942,26-01-2023,SMB,IN,FALSE
C0943,,SMB,UK,FALSE
C0944,05-02-2023,Enterprise,DE,TRUE
C0945,23-03-2023,SMB,AU,FALSE
C0946,,Enterprise,DE,TRUE
C0947,23-01-2023,,CA,FALSE
C0948,14-02-2023,Mid-Market,UK,FALSE
C0949,30-03-2023,SMB,UK,FALSE
C0950,,SMB,IN,FALSE
C0951,28-01-2023,Mid-Market,AU,FALSE
C0952,27-01-2023,Enterprise,AU,TRUE
C0953,03-01-2023,SMB,DE,FALSE
C0954,24-03-2023,Mid-Market,CA,FALSE
C0955,29-01-2023,Enterprise,CA,TRUE
C0956,09-02-2023,Enterprise,DE,TRUE
C0957,14-02-2023,,UK,FALSE
C0958,08-02-2023,,CA,FALSE
C0959,07-03-2023,Enterprise,CA,TRUE
C0960,19-03-2023,Enterprise,UK,TRUE
C0961,03-03-2023,SMB,UK,FALSE
C0962,23-03-2023,Enterprise,UK,TRUE
C0963,25-03-2023,Enterprise,IN,TRUE
C0964,31-01-2023,SMB,CA,FALSE
C0965,10-02-2023,Mid-Market,AU,FALSE
C0966,,,UK,FALSE
C0967,23-02-2023,,DE,FALSE
C0968,16-03-2023,Mid-Market,UK,FALSE
C0969,29-01-2023,,AU,FALSE
C0970,08-02-2023,Mid-Market,AU,FALSE
C0971,24-01-2023,Enterprise,US,TRUE
C0972,03-02-2023,Mid-Market,AU,FALSE
C0973,25-03-2023,SMB,IN,FALSE
C0974,09-02-2023,,UK,FALSE
C0975,16-03-2023,Enterprise,DE,TRUE
C0976,02-03-2023,SMB,AU,FALSE
C0977,21-03-2023,SMB,DE,FALSE
C0978,06-03-2023,SMB,AU,FALSE
C0979,08-02-2023,,US,FALSE
C0980,20-01-2023,Mid-Market,IN,FALSE
C0981,14-03-2023,,IN,FALSE
C0982,24-01-2023,SMB,DE,FALSE
C0983,23-01-2023,Enterprise,AU,TRUE
C0984,27-02-2023,Enterprise,IN,TRUE
C0985,22-01-2023,Mid-Market,DE,FALSE
C0986,12-01-2023,Mid-Market,CA,FALSE
C0987,24-02-2023,,DE,FALSE
C0988,19-02-2023,SMB,US,FALSE
C0989,17-02-2023,SMB,UK,FALSE
C0990,09-03-2023,Mid-Market,US,FALSE
C0991,22-03-2023,Mid-Market,IN,FALSE
C0992,14-02-2023,Enterprise,IN,TRUE
C0993,06-03-2023,Enterprise,IN,TRUE
C0994,06-01-2023,Enterprise,UK,TRUE
C0995,08-03-2023,Enterprise,DE,TRUE
C0996,18-01-2023,Enterprise,DE,TRUE
C0997,25-01-2023,Mid-Market,DE,FALSE
C0998,,Mid-Market,AU,FALSE
C0999,28-01-2023,SMB,CA,FALSE
C1000,16-01-2023,Enterprise,AU,TRUE
